﻿<?xml version="1.0" encoding="utf-8"?>
<Deployment xmlns="http://schemas.microsoft.com/windowsphone/2012/deployment" AppPlatformVersion="8.0">
  <DefaultLanguage xmlns="" code="en-US" />
  <Languages xmlns="">
    <Language code="en-US" />
  </Languages>
  <App xmlns="" Title="Ghost Rider-RevGames" RuntimeType="Silverlight" Version="1.0.0.0" Description="" ProductID="{98630e24-aa8a-4722-b210-64ec2d310232}" Genre="apps.normal" IsBeta="false" Author="DefaultCompany" Publisher="DefaultCompany" PublisherID="{6ddcac5e-af3e-44d1-b0d2-c0c7ad221852}">
    <IconPath IsRelative="true" IsResource="false">Assets\300.png</IconPath>
    <Capabilities>
      <Capability Name="ID_CAP_NETWORKING" />
      <Capability Name="ID_CAP_WEBBROWSERCOMPONENT" />
      <Capability Name="ID_CAP_PROXIMITY" />
      <Capability Name="ID_CAP_MEDIALIB_PHOTO" />
      <Capability Name="ID_CAP_IDENTITY_USER" />
      <Capability Name="ID_CAP_PHONEDIALER" />
      <Capability Name="ID_CAP_REMOVABLE_STORAGE" />
      <Capability Name="ID_CAP_IDENTITY_DEVICE" />
      <Capability Name="ID_CAP_MICROPHONE" />
      <Capability Name="ID_CAP_SPEECH_RECOGNITION" />
      <Capability Name="ID_CAP_SENSORS" />
      <Capability Name="ID_CAP_LOCATION" />
    </Capabilities>
    <Tasks>
      <DefaultTask Name="_default" NavigationPage="MainPage.xaml" ActivationPolicy="Resume" />
    </Tasks>
    <Tokens>
      <PrimaryToken TokenID="PhoneDirect3DXamlAppInteropToken" TaskName="_default">
        <TemplateFlip>
          <!--<SmallImageURI IsRelative="true" IsResource="false">Assets\Tiles\FlipCycleTileSmall.png</SmallImageURI>-->
          <SmallImageURI IsRelative="true" IsResource="false">Assets\300.png</SmallImageURI>
          <Count>0</Count>
          <!--<BackgroundImageURI IsRelative="true" IsResource="false">Assets\Tiles\FlipCycleTileMedium.png</BackgroundImageURI>-->
          <BackgroundImageURI IsRelative="true" IsResource="false">Assets\300.png</BackgroundImageURI>
          <!--<Title>VBA8</Title>-->
          <Title>
          </Title>
          <BackContent>
          </BackContent>
          <BackBackgroundImageURI IsRelative="true" IsResource="false">
          </BackBackgroundImageURI>
          <BackTitle>
          </BackTitle>
          <!--<LargeBackgroundImageURI IsRelative="true" IsResource="false">Assets\Tiles\FlipCycleTileLarge.png</LargeBackgroundImageURI>-->
          <LargeBackgroundImageURI IsRelative="true" IsResource="false">
          </LargeBackgroundImageURI>
          <LargeBackContent />
          <LargeBackBackgroundImageURI IsRelative="true" IsResource="false">
          </LargeBackBackgroundImageURI>
          <DeviceLockImageURI IsRelative="true" IsResource="false">
          </DeviceLockImageURI>
          <HasLarge>True</HasLarge>
        </TemplateFlip>
      </PrimaryToken>
    </Tokens>
    <Extensions>
      <FileTypeAssociation Name="Gameboy ROM file" TaskID="_default" NavUriFragment="fileToken=%s">
        <Logos>
          <!--<Logo Size="small" IsRelative="true">Assets/Tiles/icon33x33.png</Logo>
          <Logo Size="medium" IsRelative="true">Assets/Tiles/icon69x69.png</Logo>
          <Logo Size="large" IsRelative="true">Assets/Tiles/icon176x176.png</Logo>-->
          <Logo Size="small" IsRelative="true">Assets/Tiles/icon33x33GBC.png</Logo>
          <Logo Size="medium" IsRelative="true">Assets/Tiles/icon69x69GBC.png</Logo>
          <Logo Size="large" IsRelative="true">Assets/Tiles/icon176x176GBC.png</Logo>
        </Logos>
        <SupportedFileTypes>
          <!--<FileType ContentType="application/cloudsix2vba8">.cloudsix2vba8</FileType>-->
          <FileType ContentType="application/cloudsix2vba8">.cloudsix2vgbc8</FileType>
          <!--<FileType ContentType="application/cloudsix2vba8">.cloudsix2vba8beta</FileType>-->
          <FileType ContentType="application/gba">.gba</FileType>
          <FileType ContentType="application/gbc">.gbc</FileType>
          <FileType ContentType="application/gbc">.gb</FileType>
          <FileType ContentType="application/gbc">.sav</FileType>
          <FileType ContentType="application/gbc">.sgm</FileType>
          <FileType ContentType="application/gbc">.zib</FileType>
          <FileType ContentType="application/gbc">.rar</FileType>
          <FileType ContentType="application/gbc">.7z</FileType>
        </SupportedFileTypes>
      </FileTypeAssociation>
    </Extensions>
    <ActivatableClasses>
      <InProcessServer>
        <Path>WP8VBAMComponent.dll</Path>
        <ActivatableClass ActivatableClassId="PhoneDirect3DXamlAppComponent.CheatData" ThreadingModel="both" />
        <ActivatableClass ActivatableClassId="PhoneDirect3DXamlAppComponent.EmulatorSettings" ThreadingModel="both" />
        <ActivatableClass ActivatableClassId="PhoneDirect3DXamlAppComponent.CPositionDirect3DBackground" ThreadingModel="both" />
        <ActivatableClass ActivatableClassId="PhoneDirect3DXamlAppComponent.Direct3DBackground" ThreadingModel="both" />
      </InProcessServer>
      <InProcessServer>
        <Path>Moga.Windows.Phone.dll</Path>
        <ActivatableClass ActivatableClassId="Moga.Windows.Phone.KeyEvent" ThreadingModel="both" />
        <ActivatableClass ActivatableClassId="Moga.Windows.Phone.MotionEvent" ThreadingModel="both" />
        <ActivatableClass ActivatableClassId="Moga.Windows.Phone.StateEvent" ThreadingModel="both" />
        <ActivatableClass ActivatableClassId="Moga.Windows.Phone.ControllerManager" ThreadingModel="both" />
      </InProcessServer>
    </ActivatableClasses>
    <ScreenResolutions>
      <ScreenResolution Name="ID_RESOLUTION_WXGA" />
      <ScreenResolution Name="ID_RESOLUTION_WVGA" />
      <ScreenResolution Name="ID_RESOLUTION_HD720P" />
    </ScreenResolutions>
  </App>
</Deployment>